{
    "rmse": 0.6778281164200887,
    "mae": 0.5342607851238348,
    "r2": 0.2372279858310058
}