{
    "rmse": 0.7345084201756704,
    "mae": 0.558170522017146,
    "r2": 0.201446685451511
}