{
    "rmse": 0.6978522241784987,
    "mae": 0.5485010652578353,
    "r2": 0.2269877352525752
}